ID,Outcome
1,151348.90336599184
2,377844.2081269842
3,96619.83818871934
4,228497.77792640697
5,124345.99505451682
6,122879.50330158729
7,257280.55431746083
8,117740.84702218803
9,194308.26078714998
10,128346.25429344499
