ID,Outcome
1,152283.0828063492
2,367921.06266666664
3,96601.824
4,245645.28780000002
5,122676.11777301588
6,114542.832
7,246047.73473333332
8,115741.17294444444
9,189371.30533333335
10,132866.8472
