ID,Outcome
1,155421.88842921462
2,352197.33597678767
3,82688.36312308081
4,185344.39607178597
5,124842.1630816895
6,147123.05991710656
7,239547.21298487598
8,116923.37572901836
9,171355.23784000555
10,136015.52253563164
