ID,Outcome
1,155774.09375313524
2,333531.35369410936
3,60969.20784326604
4,167657.62023331996
5,124649.75819347712
6,164971.89538518505
7,246472.7068799228
8,104096.09964392554
9,168260.25066988356
10,134437.6982084081
