ID,Outcome
1,236055.66666666666
2,370113.5
3,112997.66666666667
4,242601.0
5,132288.0
6,72128.33333333333
7,284858.3333333333
8,121413.83333333333
9,188869.33333333334
10,145681.0
