ID,Outcome
1,185941.21665132948
2,298201.5071649564
3,41039.674657628464
4,256597.62010349022
5,82778.32885512817
6,172124.4943398932
7,219847.71621946295
8,50692.14898918721
9,194373.64351706655
10,154073.19351963338
